{"0": {"z": 137.6999969482422, "x_cx": [21.749797821044922, 17.14128875732422, 12.563554763793945, 8.031790733337402, 3.5761218070983887, -0.8033839464187622, -5.104605197906494, -9.333478927612305, -13.478954315185547, -17.52509880065918, -21.525182723999023], "y_cx": [14.367202758789062, 11.855399131774902, 9.28793716430664, 6.640439987182617, 3.8668012619018555, 0.9743676781654358, -2.0333101749420166, -5.141902923583984, -8.360812187194824, -11.703872680664062, -15.101887702941895], "x_le": [-21.621639251708984, -21.65802574157715, -21.667461395263672, -21.64906883239746, -21.60454750061035, -21.538026809692383, -21.455652236938477, -21.365047454833984, -21.274599075317383], "y_le": [-15.202104568481445, -15.286158561706543, -15.377265930175781, -15.466991424560547, -15.547038078308105, -15.609996795654297, -15.650044441223145, -15.663472175598145, -15.649041175842285], "x_cv": [-21.192642211914062, -16.93603515625, -12.640597343444824, -8.346317291259766, -4.045844078063965, 0.2634485960006714, 4.578791618347168, 8.892125129699707, 13.212421417236328, 17.561492919921875, 21.952428817749023], "y_cv": [-15.608129501342773, -12.593160629272461, -9.63333511352539, -6.671825408935547, -3.719318389892578, -0.7797001004219055, 2.151029109954834, 5.084710121154785, 8.008123397827148, 10.888496398925781, 13.704425811767578], "x_re": [22.166582107543945, 22.219114303588867, 22.242700576782227, 22.235137939453125, 22.19713592529297, 22.132244110107422, 22.046531677246094, 21.94801902770996, 21.84592056274414], "y_re": [13.860322952270508, 13.947959899902344, 14.04737377166748, 14.149269104003906, 14.244112014770508, 14.323034286499023, 14.378652572631836, 14.405765533447266, 14.401836395263672]}, "1": {"z": 120.55714416503906, "x_cx": [22.580032348632812, 17.82572364807129, 13.101649284362793, 8.424211502075195, 3.8127081394195557, -0.7300888895988464, -5.200092792510986, -9.597517013549805, -13.917892456054688, -18.13840675354004, -22.303926467895508], "y_cx": [11.651630401611328, 9.761122703552246, 7.796238899230957, 5.723125457763672, 3.5072290897369385, 1.1536123752593994, -1.3355447053909302, -3.9508771896362305, -6.691610336303711, -9.583817481994629, -12.554730415344238], "x_le": [-22.51512908935547, -22.559799194335938, -22.57761001586914, -22.56692886352539, -22.52873420715332, -22.466537475585938, -22.38605499267578, -22.294677734375, -22.200809478759766], "y_le": [-12.722879409790039, -12.8056640625, -12.898028373718262, -12.991485595703125, -13.077449798583984, -13.148018836975098, -13.196710586547852, -13.219049453735352, -13.212984085083008], "x_cv": [-22.113019943237305, -17.69074821472168, -13.229240417480469, -8.770772933959961, -4.301478385925293, 0.18450139462947845, 4.676026344299316, 9.173986434936523, 13.682381629943848, 18.21673583984375, 22.788171768188477], "y_cv": [-13.179154396057129, -10.641345977783203, -8.172281265258789, -5.697731018066406, -3.242798089981079, -0.8184922933578491, 1.595535159111023, 3.997546434402466, 6.379911422729492, 8.71239948272705, 10.97083568572998], "x_re": [22.953683853149414, 23.01883888244629, 23.055282592773438, 23.059627532958984, 23.031471252441406, 22.97342872619629, 22.890897750854492, 22.791553497314453, 22.684633255004883], "y_re": [11.070844650268555, 11.156060218811035, 11.256951332092285, 11.364133834838867, 11.467643737792969, 11.557853698730469, 11.62637996673584, 11.666849136352539, 11.675498008728027]}, "2": {"z": 103.4142837524414, "x_cx": [23.200786590576172, 18.340211868286133, 13.509471893310547, 8.719817161560059, 3.992065668106079, -0.6714411973953247, -5.264586448669434, -9.788975715637207, -14.232527732849121, -18.57563018798828, -22.849462509155273], "y_cx": [9.621233940124512, 8.219609260559082, 6.717776775360107, 5.09030818939209, 3.2908670902252197, 1.3308460712432861, -0.7889677286148071, -3.0519137382507324, -5.469735622406006, -8.06375789642334, -10.770360946655273], "x_le": [-23.035669326782227, -23.085357666015625, -23.108753204345703, -23.103729248046875, -23.070743560791016, -23.012788772583008, -22.93514060974121, -22.8448543548584, -22.750139236450195], "y_le": [-10.905183792114258, -10.985819816589355, -11.07760238647461, -11.172185897827148, -11.26097297668457, -11.335891723632812, -11.390132904052734, -11.418763160705566, -11.419180870056152], "x_cv": [-22.659616470336914, -18.123868942260742, -13.553208351135254, -8.980329513549805, -4.399166107177734, 0.20075848698616028, 4.813174247741699, 9.434427261352539, 14.065508842468262, 18.72023582458496, 23.413236618041992], "y_cv": [-11.391319274902344, -9.202653884887695, -7.08674955368042, -4.975649833679199, -2.882596015930176, -0.8311313390731812, 1.1921201944351196, 3.19510555267334, 5.175251007080078, 7.099024295806885, 8.926340103149414], "x_re": [23.52910804748535, 23.603853225708008, 23.650365829467773, 23.664310455322266, 23.644380569458008, 23.592439651489258, 23.513334274291992, 23.414445877075195, 23.30500602722168], "y_re": [8.98963737487793, 9.071587562561035, 9.172279357910156, 9.282316207885742, 9.39142894744873, 9.489431381225586, 9.567179679870605, 9.617416381835938, 9.635454177856445]}, "3": {"z": 86.27143096923828, "x_cx": [23.76968002319336, 18.817638397216797, 13.891692161560059, 9.002992630004883, 4.16925573348999, -0.603429913520813, -5.309861183166504, -9.946599006652832, -14.50096607208252, -18.950584411621094, -23.311918258666992], "y_cx": [7.760468006134033, 6.839416027069092, 5.785243988037109, 4.570911407470703, 3.1534953117370605, 1.5422056913375854, -0.25358378887176514, -2.222466468811035, -4.375077247619629, -6.736821174621582, -9.257737159729004], "x_le": [-23.4713191986084, -23.52363395690918, -23.55082130432129, -23.550451278686523, -23.522554397583008, -23.46963119506836, -23.39640998840332, -23.3094425201416, -23.21650505065918], "y_le": [-9.365961074829102, -9.443018913269043, -9.532100677490234, -9.625238418579102, -9.71410083770752, -9.790740966796875, -9.848302841186523, -9.881638526916504, -9.88776683807373], "x_cv": [-23.125904083251953, -18.484037399291992, -13.815323829650879, -9.142959594726562, -4.4604387283325195, 0.2419118881225586, 4.959490776062012, 9.687604904174805, 14.425841331481934, 19.18603515625, 23.984922409057617], "y_cv": [-9.866159439086914, -7.98818302154541, -6.176809787750244, -4.374876022338867, -2.599527597427368, -0.8774376511573792, 0.8025382161140442, 2.452637195587158, 4.0734124183654785, 5.628360748291016, 7.056441783905029], "x_re": [24.131494522094727, 24.22355842590332, 24.244239807128906, 24.189237594604492, 24.069984436035156, 23.911272048950195, 23.746082305908203, 23.6087589263916, 23.527841567993164], "y_re": [7.142336368560791, 7.281589508056641, 7.447238445281982, 7.604851245880127, 7.721667289733887, 7.773406028747559, 7.749312400817871, 7.65439510345459, 7.508383274078369]}, "4": {"z": 69.12857055664062, "x_cx": [24.364381790161133, 19.33660125732422, 14.324743270874023, 9.341423034667969, 4.400975227355957, -0.48533713817596436, -5.310484409332275, -10.068265914916992, -14.74117660522461, -19.309207916259766, -23.769298553466797], "y_cx": [5.815286159515381, 5.423824310302734, 4.84757661819458, 4.063074588775635, 3.043003559112549, 1.7885740995407104, 0.3160637617111206, -1.361433982849121, -3.262484550476074, -5.403820037841797, -7.761714458465576], "x_le": [-23.89522361755371, -23.94761848449707, -23.97734260559082, -23.981828689575195, -23.960689544677734, -23.915756225585938, -23.850914001464844, -23.771766662597656, -23.685171127319336], "y_le": [-7.842846393585205, -7.912965774536133, -7.995293617248535, -8.082707405090332, -8.167647361755371, -8.242762565612793, -8.301555633544922, -8.338940620422363, -8.351682662963867], "x_cv": [-23.593368530273438, -18.835514068603516, -14.062529563903809, -9.28652286529541, -4.496265411376953, 0.31274881958961487, 5.135514736175537, 9.969639778137207, 14.814103126525879, 19.677406311035156, 24.576988220214844],